sol_id,method,primary,eps_f2,eps_f3,f1,f2,f3,eps_f1,w1,w2,w3
eps_f1_0,eps,f1,977641541.6666676,-104038.99908285271,4403.0216372176465,977641541.6666669,3184.9251108704193,,,,
eps_f1_2,eps,f1,977641541.6666676,-52345.300706855094,4403.021637217075,977641541.666667,619.9251108704193,,,,
eps_f1_4,eps,f1,977641541.6666676,-651.6023308574804,4403.021637217354,977641541.6666669,-525.0748891295734,,,,
eps_f1_7,eps,f1,1009603187.2976198,-52345.300706855094,600.7683984461871,1009603187.2891121,3033.7110141492885,,,,
eps_f1_10,eps,f1,1009603187.2976198,25195.24685714132,600.7683979952232,1009603187.2976195,25198.71101414929,,,,
eps_f1_11,eps,f1,1009603187.2976198,51042.09604514015,604.256848382121,1009603187.2976205,51053.69995765721,,,,
eps_f1_12,eps,f1,1009603187.2976198,76888.94523313896,4921.663863998448,1009603187.2976207,76888.94523313906,,,,
eps_f1_19,eps,f1,1041564832.9285722,51042.09604514015,213.94508645107553,1041564832.928572,51042.162032765365,,,,
eps_f1_20,eps,f1,1041564832.9285722,76888.94523313896,4921.6638639958555,1041564832.9285723,76888.94523313896,,,,
eps_f1_27,eps,f1,1073526478.5595244,51042.09604514015,213.94508639220695,1073526478.5595247,51042.576198613766,,,,
eps_f1_36,eps,f1,1105488124.1904767,76888.94523313896,4921.663863995813,1105488124.1904767,76888.94523313896,,,,
eps_f1_37,eps,f1,1137449769.821429,-104038.99908285271,5.377936657083902,1137449769.8214288,-47483.9990828527,,,,
eps_f2_1,eps,f2,,-78192.14989485391,5.377936657137377,1031977889.0833338,-1413.9990828527225,5.377936657137383,,,
eps_f2_3,eps,f2,,-26498.45151885628,5.377936657137384,1031977889.0833342,7616.0009171472775,5.377936657137383,,,
eps_f2_4,eps,f2,,-651.6023308574804,5.377936657137423,1031977889.0833341,881.0009171472775,5.377936657137383,,,
eps_f2_5,eps,f2,,25195.24685714132,5.377936657137472,1031980928.0833337,25201.000917147278,5.377936657137383,,,
eps_f2_8,eps,f2,,-52345.300706855094,709.0382314204033,1007181461.583334,1839.8643322809003,709.0382314204036,,,
eps_f2_12,eps,f2,,51042.09604514015,709.0382314204035,1007227715.5833338,51049.894046361675,709.0382314204036,,,
eps_f2_13,eps,f2,,-104038.99908285271,1412.6985261836699,995190019.1666675,9508.021316285289,1412.6985261836696,,,
eps_f2_18,eps,f2,,25195.24685714132,1412.6985261836699,995216964.166667,25207.519786355857,1412.6985261836696,,,
eps_f2_19,eps,f2,,51042.09604514015,1412.6985261836699,995307920.2500001,51058.47452686257,1412.6985261836696,,,
eps_f2_22,eps,f2,,-52345.300706855094,2116.358820946936,985654728.5833341,4799.793916972711,2116.358820946936,,,
eps_f2_23,eps,f2,,-26498.45151885628,2116.3588209469362,985681162.083334,5140.2244042481325,2116.358820946936,,,
eps_f2_24,eps,f2,,-651.6023308574804,2116.3588209469353,985694642.9166673,7036.801334475778,2116.358820946936,,,
eps_f2_25,eps,f2,,25195.24685714132,2116.358820946936,985685012.9166669,25201.218672198404,2116.358820946936,,,
eps_f2_26,eps,f2,,51042.09604514015,2116.3588209469353,985712978.8333335,51051.35423381714,2116.358820946936,,,
eps_f2_29,eps,f2,,-52345.300706855094,2820.0191157102026,981840959.5000007,-4506.590175133228,2820.019115710202,,,
eps_f2_32,eps,f2,,25195.24685714132,2820.0191157102017,981868827.5833336,25202.377100983867,2820.019115710202,,,
eps_f2_33,eps,f2,,51042.09604514015,2820.0191157102017,981894816.5833336,51047.241543831246,2820.019115710202,,,
eps_f2_36,eps,f2,,-52345.300706855094,3523.679410473468,978935806.4166671,3900.624831044639,3523.6794104734686,,,
eps_f2_39,eps,f2,,25195.24685714132,3523.6794104734686,978922024.3333334,25196.070731025073,3523.6794104734686,,,
eps_f2_40,eps,f2,,51042.09604514015,3523.6794104734677,978943575.3333335,51046.070731025044,3523.6794104734686,,,
eps_f2_44,eps,f2,,-26498.45151885628,4227.339705236734,977801316.6666666,-1653.9647287506086,4227.339705236734,,,
eps_f2_46,eps,f2,,25195.24685714132,4227.339705236734,977810682.1666671,25199.850945133774,4227.339705236734,,,
eps_f2_47,eps,f2,,51042.09604514015,4227.339705236734,977867485.4999999,51042.10415875472,4227.339705236734,,,
eps_f2_53,eps,f2,,25195.24685714132,4931.000000000001,977654889.1666673,25197.334199147852,4931.0,,,
eps_f2_54,eps,f2,,51042.09604514015,4931.0,977705089.6666665,51045.0488948414,4931.0,,,
eps_f2_55,eps,f2,,76888.94523313896,4931.0,1000576418.3333338,76888.94523313898,4931.0,,,
eps_f3_0,eps,f3,1041564832.9285722,,5.377936657137382,1041564832.9285723,49441.00091714729,5.377936657137383,,,
eps_f3_6,eps,f3,1009603187.2976198,,709.0382314204037,1009603187.2976199,54708.63491186399,709.0382314204036,,,
eps_f3_7,eps,f3,1041564832.9285722,,709.0382314204063,1041564832.928572,54752.70754696056,709.0382314204036,,,
eps_f3_8,eps,f3,1073526478.5595244,,709.0382314204035,1073526478.5595248,54752.520532168855,709.0382314204036,,,
eps_f3_9,eps,f3,1105488124.1904767,,709.0382314204062,1105488124.1904767,54752.70754696056,709.0382314204036,,,
eps_f3_10,eps,f3,1137449769.821429,,709.0382314204061,1137449769.8214288,54752.70754696058,709.0382314204036,,,
eps_f3_13,eps,f3,1009603187.2976198,,1412.6985261836699,1009603187.2976197,59985.121576059886,1412.6985261836696,,,
eps_f3_14,eps,f3,1041564832.9285722,,1412.6985261836696,1041564832.9285715,60002.00139683686,1412.6985261836696,,,
eps_f3_15,eps,f3,1073526478.5595244,,1412.6985261836696,1073526478.5595244,60002.00139683687,1412.6985261836696,,,
eps_f3_18,eps,f3,1169411415.4523811,,1412.6985261836694,1169411415.4523811,60002.00139683686,1412.6985261836696,,,
eps_f3_19,eps,f3,1201373061.0833335,,1412.6985261836696,1201373061.0833335,60002.00139683689,1412.6985261836696,,,
eps_f3_20,eps,f3,1009603187.2976198,,2116.358820946936,1009603187.2976199,65208.50460266127,2116.358820946936,,,
eps_f3_21,eps,f3,1041564832.9285722,,2116.358820946936,1041564832.9285722,65214.68562752727,2116.358820946936,,,
eps_f3_24,eps,f3,1137449769.821429,,2116.358820946936,1137449769.8214288,65214.68562752729,2116.358820946936,,,
eps_f3_27,eps,f3,1009603187.2976198,,2820.019115710202,1009603187.2976199,70348.72198305509,2820.019115710202,,,
eps_f3_33,eps,f3,1201373061.0833335,,2820.0191157102017,1201373061.0833335,70348.15934881232,2820.019115710202,,,
eps_f3_34,eps,f3,1009603187.2976198,,3523.6794104734677,1009603187.2976199,73693.90607289197,3523.6794104734686,,,
eps_f3_41,eps,f3,1009603187.2976198,,4227.3397052367345,1009603187.2976197,75456.9617761687,4227.339705236734,,,
eps_f3_42,eps,f3,1041564832.9285722,,4227.339705236734,1041564832.9285723,75456.62692595701,4227.339705236734,,,
eps_f3_43,eps,f3,1073526478.5595244,,4227.339705236733,1073526478.5595244,75456.9617761687,4227.339705236734,,,
eps_f3_48,eps,f3,977641541.6666676,,4931.0,977641541.6666669,21184.92511087042,4931.0,,,
wgt_1,weighting,,,,3286.99825595368,992834652.2500002,72931.88013656803,,0.1,0.2,0.7
wgt_2,weighting,,,,5.485319683711763,1032015893.0833334,49455.96558705352,,0.8,0.1,0.1
wgt_4,weighting,,,,4937.0,996099084.8333336,76857.4310370296,,0.0,0.1,0.9
wgt_5,weighting,,,,1989.5188307948029,986810284.166667,60269.32347379197,,0.2,0.7,0.1
wgt_6,weighting,,,,4742.0,989068676.5833338,75777.6755547663,,0.0,0.3,0.7
wgt_7,weighting,,,,398.5380708373408,1015252170.8333335,52369.99540645233,,0.3,0.3,0.4
wgt_8,weighting,,,,13.085157774024891,1031057054.6666669,49465.41523548128,,0.6,0.3,0.1
wgt_9,weighting,,,,5.485319683715177,1032012743.0833334,49455.965587053535,,0.4,0.1,0.5
wgt_10,weighting,,,,2481.7486876460252,983548271.5833335,60080.27753042255,,0.1,0.8,0.1
wgt_12,weighting,,,,4842.0,986775131.0833338,74466.5526063133,,0.0,0.5,0.5
wgt_13,weighting,,,,10.959721569622513,1200965180.5833335,49514.63689967978,,0.2,0.0,0.8
wgt_14,weighting,,,,396.768399102459,1015291168.9166666,52336.246343361665,,0.4,0.5,0.1
wgt_15,weighting,,,,14.52909978147448,1030973426.6666667,49494.54575392757,,0.5,0.4,0.1
wgt_16,weighting,,,,523.529797955335,1011546182.6666669,53131.42825355855,,0.3,0.5,0.2
wgt_18,weighting,,,,927.7194143237485,1003567827.5833335,56169.58520523888,,0.2,0.2,0.6
wgt_19,weighting,,,,1348.256848382116,996712464.0833335,59124.818579707964,,0.2,0.4,0.4
wgt_20,weighting,,,,15.571721089569518,1030937002.6666667,49518.97624920642,,0.4,0.3,0.3
wgt_22,weighting,,,,2035.0216372192363,986308965.6666669,60476.719520466184,,0.1,0.6,0.3
wgt_24,weighting,,,,4871.0,978317887.0833337,66942.02750271466,,0.0,0.7,0.3
wgt_26,weighting,,,,823.5188307947925,1004923951.1666677,-13516.576285127958,,0.3,0.7,0.0
wgt_28,weighting,,,,2032.28022964767,986168188.1666675,-5232.76840627435,,0.2,0.8,0.0
wgt_29,weighting,,,,3221.279478408902,993902936.2500004,72774.54519142362,,0.1,0.1,0.8
wgt_30,weighting,,,,57.71564794883581,1028885945.6666671,-18175.10356526896,,0.5,0.5,0.0
wgt_32,weighting,,,,5.485319683708566,1200962483.0833335,49455.96558705352,,0.3,0.0,0.7
wgt_33,weighting,,,,3156.998255953682,990771931.4166669,71595.34528096426,,0.1,0.3,0.6
wgt_34,weighting,,,,13.59140015172892,1031024077.6666667,49480.129211146195,,0.5,0.3,0.2
wgt_36,weighting,,,,498.2568483821124,1012187170.8333334,52948.73984514206,,0.3,0.4,0.3
wgt_37,weighting,,,,1892.2802296476684,988292632.3333336,60360.64551665817,,0.2,0.6,0.2
wgt_38,weighting,,,,4742.0,988308754.0833336,75460.44799823881,,0.0,0.4,0.6
wgt_40,weighting,,,,13.085157774022344,1031037413.6666673,-14869.584764518746,,0.6,0.4,0.0
wgt_43,weighting,,,,4819.0,978225698.2500004,66679.55246537563,,0.0,0.8,0.2
wgt_44,weighting,,,,14.810322236693464,1030965691.6666666,49504.08608067992,,0.4,0.2,0.4
wgt_45,weighting,,,,59.48531968371661,1028844829.5833334,49858.79930821259,,0.3,0.2,0.5
wgt_46,weighting,,,,401.27947840889976,1015205204.3333334,52399.183287807755,,0.2,0.1,0.7
wgt_47,weighting,,,,4697.0,989952828.083334,75989.79243077911,,0.0,0.2,0.8
wgt_48,weighting,,,,2236.9982559536834,987647958.7500002,64588.731346322034,,0.1,0.5,0.4
wgt_49,weighting,,,,2467.7486876460202,983571537.5833341,-15136.561992459014,,0.1,0.9,0.0
wgt_50,weighting,,,,5.485319683720796,1032012573.0833334,49455.96558705352,,0.6,0.2,0.2
wgt_53,weighting,,,,160.53807083734097,1024560960.8333335,50609.7910559251,,0.4,0.4,0.2
wgt_54,weighting,,,,4869.0,978317693.0833338,66941.93317154942,,0.0,0.6,0.4
wgt_55,weighting,,,,2033.4615731340955,986315361.5833335,60466.85508208495,,0.1,0.7,0.2
wgt_56,weighting,,,,1289.7194143237602,997760849.5833335,58828.724269356724,,0.2,0.3,0.5
wgt_57,weighting,,,,13.591400151728344,1031024087.6666667,49480.129211146195,,0.5,0.2,0.3
wgt_58,weighting,,,,5.485319683713707,1032013287.0833333,49455.96558705352,,0.7,0.2,0.1
wgt_59,weighting,,,,1393.5297979553325,995798386.1666667,59114.37714116371,,0.2,0.5,0.3
wgt_61,weighting,,,,497.49544952924384,1012167333.8333336,-17281.099053254155,,0.4,0.6,0.0
wgt_62,weighting,,,,671.5188307948024,1007989128.1666667,53230.81993414002,,0.3,0.6,0.1
wgt_63,weighting,,,,3167.9450864510113,1163670616.916667,72745.46681983737,,0.1,0.0,0.9
wgt_64,weighting,,,,2192.9982559536793,988131433.7500002,64581.90390236532,,0.1,0.4,0.5
wgt_65,weighting,,,,15.571721089567072,1030936825.6666667,49518.976249206404,,0.3,0.1,0.6
